CREATE TABLE t1 (a int, b int, c int, PRIMARY KEY (a), KEY t1_b (b))
ENGINE=InnoDB;
INSERT INTO t1 (a,b,c) VALUES (1,1,1), (2,1,1), (3,1,1), (4,1,1);
INSERT INTO t1 (a,b,c) SELECT a+4,b,c FROM t1;
EXPLAIN SELECT a, b, c FROM t1 WHERE b = 1 ORDER BY a DESC LIMIT 5;
id	select_type	table	type	possible_keys	key	key_len	ref	rows	Extra
1	SIMPLE	t1	range	t1_b	t1_b	5	NULL	8	Using where
SELECT a, b, c FROM t1 WHERE b = 1 ORDER BY a DESC LIMIT 5;
a	b	c
8	1	1
7	1	1
6	1	1
5	1	1
4	1	1
DROP TABLE t1;
