CREATE TABLE t1 (a IPV6);
INSERT INTO t1 VALUES ("fe8::b3ff:fe1a:8329");
INSERT INTO t1 VALUES ("::1");
INSERT INTO t1 VALUES ("::192.168.100.10");
INSERT INTO t1 VALUES ("2001:db8:85a3::8a2e:370:7334");
SELECT a FROM t1;
a
0fe8:0000:0000:0000:0000:b3ff:fe1a:8329
0000:0000:0000:0000:0000:0000:0000:0001
000:000:000:000:000:000:192.168.100.010
2001:0db8:85a3:0000:0000:8a2e:0370:7334
SELECT count(a) FROM t1;
count(a)
4
TRUNCATE t1;
SELECT count(a) FROM t1;
count(a)
0
DROP TABLE t1;
