CREATE TABLE t1 (a IPV6);
show create table t1;
Table	Create Table
t1	CREATE TABLE `t1` (
  `a` IPV6 DEFAULT NULL
) ENGINE=InnoDB COLLATE = utf8_general_ci
INSERT INTO t1 VALUES ("fe8::b3ff:fe1a:8329");
INSERT INTO t1 VALUES ("::1");
INSERT INTO t1 VALUES ("::192.168.100.10");
INSERT INTO t1 VALUES ("2001:db8:85a3::8a2e:370:7334");
SELECT a FROM t1;
a
0fe8:0000:0000:0000:0000:b3ff:fe1a:8329
0000:0000:0000:0000:0000:0000:0000:0001
000:000:000:000:000:000:192.168.100.010
2001:0db8:85a3:0000:0000:8a2e:0370:7334
SELECT a FROM t1 ORDER BY a;
a
0000:0000:0000:0000:0000:0000:0000:0001
000:000:000:000:000:000:192.168.100.010
2001:0db8:85a3:0000:0000:8a2e:0370:7334
0fe8:0000:0000:0000:0000:b3ff:fe1a:8329
DROP TABLE t1;
