CREATE TABLE t1 (a IPV6);
INSERT INTO t1 VALUES ("fe8::b3ff:fe1a:8329");
INSERT INTO t1 VALUES ("FD01::1F");
INSERT INTO t1 VALUES ("::192.168.100.10");
INSERT INTO t1 VALUES ("::1");
SELECT a FROM t1;
a
0fe8:0000:0000:0000:0000:b3ff:fe1a:8329
fd01:0000:0000:0000:0000:0000:0000:001f
000:000:000:000:000:000:192.168.100.010
0000:0000:0000:0000:0000:0000:0000:0001
SELECT a FROM t1 WHERE a = "0fe8:0000:0000:0000:0000:b3ff:fe1a:8329";
a
0fe8:0000:0000:0000:0000:b3ff:fe1a:8329
SELECT a FROM t1 WHERE a LIKE "000:000:000:000:000:000:192.168.100.010";
a
000:000:000:000:000:000:192.168.100.010
DROP TABLE t1;
