create schema first_last;
SELECT SCHEMA_NAME FROM DATA_DICTIONARY.SCHEMAS ORDER BY SCHEMA_NAME;
SCHEMA_NAME
DATA_DICTIONARY
first_last
INFORMATION_SCHEMA
SELECT CURRENT_USER();
CURRENT_USER()
first.last
drop schema first_last;
